target_url,bio,avatar_url,avatar_path
https://hackerrank.com/aaditya18jan,,,None
https://www.pinterest.com/aaditya18jan/,,,None
https://hackerearth.com/@devendraprajapt42,,https://uc.hackerearth.com/he-s3-ap-south-1/media/avatars/devendraprajapt42/resized/200/327688eacg8ock4oz-o87uh4yyhg5qr1,avatars/https___hackerearth.com_@devendraprajapt42.jpg
https://hackerrank.com/osama,,,None
https://www.pinterest.com/osama/,قادم من مدائن الريح وحدي ... فاحتضني كالطفل يا قاسيون احتضني ولا تناقش جنوني ... ذروة العقل يا حبيبي,https://i.pinimg.com/280x280_RS/eb/a0/5c/eba05ca262144c93a96bcdcc969ce775.jpg,avatars/https___www.pinterest.com_osama_.jpg
https://hackerearth.com/@osama,"Unable to locate the profile picture URL or bio text on the page despite multiple attempts and scrolling. The page content appears to load slowly or dynamically, preventing identification of these elements. Therefore, I am concluding that the required information could not be retrieved.",,None
https://hackerearth.com/@ad018jan,,,None
http://en.gravatar.com/aaditya,"Unable to fully load or extract profile picture URL and bio text from the page despite multiple reloads and scrolling attempts. The avatar image URL is present in the source code, but no bio information was found. Therefore, the task could not be completed as specified.",,
https://hackerearth.com/@aaditya,"AgentHistoryList(all_results=[ActionResult(is_done=False, success=None, judgement=None, error=None, attachments=None, images=None, long_term_memory='Found initial url and automatically loaded it. Navigated to https://hackerearth.com/@aaditya', extracted_content='🔗 Navigated to https://hackerearth.com/@aaditya', include_extracted_content_only_once=False, metadata=None, include_in_memory=False), ActionResult(is_done=False, success=None, judgement=None, error=None, attachments=None, images=None, long_term_memory='Waited for 3 seconds', extracted_content='Waited for 3 seconds', include_extracted_content_only_once=False, metadata=None, include_in_memory=False), ActionResult(is_done=False, success=None, judgement=None, error='cannot schedule new futures after shutdown', attachments=None, images=None, long_term_memory=None, extracted_content=None, include_extracted_content_only_once=False, metadata=None, include_in_memory=False), ActionResult(is_done=False, success=None, judgement=None, error='cannot schedule new futures after shutdown', attachments=None, images=None, long_term_memory=None, extracted_content=None, include_extracted_content_only_once=False, metadata=None, include_in_memory=False), ActionResult(is_done=False, success=None, judgement=None, error='cannot schedule new futures after shutdown', attachments=None, images=None, long_term_memory=None, extracted_content=None, include_extracted_content_only_once=False, metadata=None, include_in_memory=False), ActionResult(is_done=False, success=None, judgement=None, error='cannot schedule new futures after shutdown', attachments=None, images=None, long_term_memory=None, extracted_content=None, include_extracted_content_only_once=False, metadata=None, include_in_memory=False), ActionResult(is_done=False, success=None, judgement=None, error='cannot schedule new futures after shutdown', attachments=None, images=None, long_term_memory=None, extracted_content=None, include_extracted_content_only_once=False, metadata=None, include_in_memory=False), ActionResult(is_done=False, success=None, judgement=None, error='cannot schedule new futures after shutdown', attachments=None, images=None, long_term_memory=None, extracted_content=None, include_extracted_content_only_once=False, metadata=None, include_in_memory=False)], all_model_outputs=[{'navigate': {'url': 'https://hackerearth.com/@aaditya', 'new_tab': False}, 'interacted_element': None}, {'wait': {'seconds': 3}, 'interacted_element': None}])",,
https://hackerrank.com/aaditya,"AgentHistoryList(all_results=[ActionResult(is_done=False, success=None, judgement=None, error=None, attachments=None, images=None, long_term_memory='Found initial url and automatically loaded it. Navigated to https://hackerrank.com/aaditya', extracted_content='🔗 Navigated to https://hackerrank.com/aaditya', include_extracted_content_only_once=False, metadata=None, include_in_memory=False), ActionResult(is_done=False, success=None, judgement=None, error='cannot schedule new futures after interpreter shutdown', attachments=None, images=None, long_term_memory=None, extracted_content=None, include_extracted_content_only_once=False, metadata=None, include_in_memory=False), ActionResult(is_done=False, success=None, judgement=None, error='cannot schedule new futures after interpreter shutdown', attachments=None, images=None, long_term_memory=None, extracted_content=None, include_extracted_content_only_once=False, metadata=None, include_in_memory=False), ActionResult(is_done=False, success=None, judgement=None, error='cannot schedule new futures after interpreter shutdown', attachments=None, images=None, long_term_memory=None, extracted_content=None, include_extracted_content_only_once=False, metadata=None, include_in_memory=False), ActionResult(is_done=False, success=None, judgement=None, error='cannot schedule new futures after interpreter shutdown', attachments=None, images=None, long_term_memory=None, extracted_content=None, include_extracted_content_only_once=False, metadata=None, include_in_memory=False), ActionResult(is_done=False, success=None, judgement=None, error='cannot schedule new futures after interpreter shutdown', attachments=None, images=None, long_term_memory=None, extracted_content=None, include_extracted_content_only_once=False, metadata=None, include_in_memory=False), ActionResult(is_done=False, success=None, judgement=None, error='cannot schedule new futures after interpreter shutdown', attachments=None, images=None, long_term_memory=None, extracted_content=None, include_extracted_content_only_once=False, metadata=None, include_in_memory=False)], all_model_outputs=[{'navigate': {'url': 'https://hackerrank.com/aaditya', 'new_tab': False}, 'interacted_element': None}])",,
https://www.pinterest.com/aaditya/,"AgentHistoryList(all_results=[ActionResult(is_done=False, success=None, judgement=None, error=None, attachments=None, images=None, long_term_memory='Found initial url and automatically loaded it. Navigated to https://www.pinterest.com/aaditya/', extracted_content='🔗 Navigated to https://www.pinterest.com/aaditya/', include_extracted_content_only_once=False, metadata=None, include_in_memory=False), ActionResult(is_done=False, success=None, judgement=None, error='cannot schedule new futures after interpreter shutdown', attachments=None, images=None, long_term_memory=None, extracted_content=None, include_extracted_content_only_once=False, metadata=None, include_in_memory=False), ActionResult(is_done=False, success=None, judgement=None, error='cannot schedule new futures after interpreter shutdown', attachments=None, images=None, long_term_memory=None, extracted_content=None, include_extracted_content_only_once=False, metadata=None, include_in_memory=False), ActionResult(is_done=False, success=None, judgement=None, error='cannot schedule new futures after interpreter shutdown', attachments=None, images=None, long_term_memory=None, extracted_content=None, include_extracted_content_only_once=False, metadata=None, include_in_memory=False), ActionResult(is_done=False, success=None, judgement=None, error='cannot schedule new futures after interpreter shutdown', attachments=None, images=None, long_term_memory=None, extracted_content=None, include_extracted_content_only_once=False, metadata=None, include_in_memory=False), ActionResult(is_done=False, success=None, judgement=None, error='cannot schedule new futures after interpreter shutdown', attachments=None, images=None, long_term_memory=None, extracted_content=None, include_extracted_content_only_once=False, metadata=None, include_in_memory=False), ActionResult(is_done=False, success=None, judgement=None, error='cannot schedule new futures after interpreter shutdown', attachments=None, images=None, long_term_memory=None, extracted_content=None, include_extracted_content_only_once=False, metadata=None, include_in_memory=False)], all_model_outputs=[{'navigate': {'url': 'https://www.pinterest.com/aaditya/', 'new_tab': False}, 'interacted_element': None}])",,
https://hackerrank.com/lubhit,"AgentHistoryList(all_results=[ActionResult(is_done=False, success=None, judgement=None, error=None, attachments=None, images=None, long_term_memory='Found initial url and automatically loaded it. Navigated to https://hackerrank.com/lubhit', extracted_content='🔗 Navigated to https://hackerrank.com/lubhit', include_extracted_content_only_once=False, metadata=None, include_in_memory=False), ActionResult(is_done=False, success=None, judgement=None, error='cannot schedule new futures after interpreter shutdown', attachments=None, images=None, long_term_memory=None, extracted_content=None, include_extracted_content_only_once=False, metadata=None, include_in_memory=False), ActionResult(is_done=False, success=None, judgement=None, error='cannot schedule new futures after interpreter shutdown', attachments=None, images=None, long_term_memory=None, extracted_content=None, include_extracted_content_only_once=False, metadata=None, include_in_memory=False), ActionResult(is_done=False, success=None, judgement=None, error='cannot schedule new futures after interpreter shutdown', attachments=None, images=None, long_term_memory=None, extracted_content=None, include_extracted_content_only_once=False, metadata=None, include_in_memory=False), ActionResult(is_done=False, success=None, judgement=None, error='cannot schedule new futures after interpreter shutdown', attachments=None, images=None, long_term_memory=None, extracted_content=None, include_extracted_content_only_once=False, metadata=None, include_in_memory=False), ActionResult(is_done=False, success=None, judgement=None, error='cannot schedule new futures after interpreter shutdown', attachments=None, images=None, long_term_memory=None, extracted_content=None, include_extracted_content_only_once=False, metadata=None, include_in_memory=False), ActionResult(is_done=False, success=None, judgement=None, error='cannot schedule new futures after interpreter shutdown', attachments=None, images=None, long_term_memory=None, extracted_content=None, include_extracted_content_only_once=False, metadata=None, include_in_memory=False)], all_model_outputs=[{'navigate': {'url': 'https://hackerrank.com/lubhit', 'new_tab': False}, 'interacted_element': None}])",,
https://www.pinterest.com/lubhit/,"AgentHistoryList(all_results=[ActionResult(is_done=False, success=None, judgement=None, error=None, attachments=None, images=None, long_term_memory='Found initial url and automatically loaded it. Navigated to https://www.pinterest.com/lubhit/', extracted_content='🔗 Navigated to https://www.pinterest.com/lubhit/', include_extracted_content_only_once=False, metadata=None, include_in_memory=False), ActionResult(is_done=False, success=None, judgement=None, error='cannot schedule new futures after interpreter shutdown', attachments=None, images=None, long_term_memory=None, extracted_content=None, include_extracted_content_only_once=False, metadata=None, include_in_memory=False), ActionResult(is_done=False, success=None, judgement=None, error='cannot schedule new futures after interpreter shutdown', attachments=None, images=None, long_term_memory=None, extracted_content=None, include_extracted_content_only_once=False, metadata=None, include_in_memory=False), ActionResult(is_done=False, success=None, judgement=None, error='cannot schedule new futures after interpreter shutdown', attachments=None, images=None, long_term_memory=None, extracted_content=None, include_extracted_content_only_once=False, metadata=None, include_in_memory=False), ActionResult(is_done=False, success=None, judgement=None, error='cannot schedule new futures after interpreter shutdown', attachments=None, images=None, long_term_memory=None, extracted_content=None, include_extracted_content_only_once=False, metadata=None, include_in_memory=False), ActionResult(is_done=False, success=None, judgement=None, error='cannot schedule new futures after interpreter shutdown', attachments=None, images=None, long_term_memory=None, extracted_content=None, include_extracted_content_only_once=False, metadata=None, include_in_memory=False), ActionResult(is_done=False, success=None, judgement=None, error='cannot schedule new futures after interpreter shutdown', attachments=None, images=None, long_term_memory=None, extracted_content=None, include_extracted_content_only_once=False, metadata=None, include_in_memory=False)], all_model_outputs=[{'navigate': {'url': 'https://www.pinterest.com/lubhit/', 'new_tab': False}, 'interacted_element': None}])",,
https://hackerearth.com/@devendra,"AgentHistoryList(all_results=[ActionResult(is_done=False, success=None, judgement=None, error=None, attachments=None, images=None, long_term_memory='Found initial url and automatically loaded it. Navigated to https://hackerearth.com/@devendra', extracted_content='🔗 Navigated to https://hackerearth.com/@devendra', include_extracted_content_only_once=False, metadata=None, include_in_memory=False), ActionResult(is_done=False, success=None, judgement=None, error='cannot schedule new futures after interpreter shutdown', attachments=None, images=None, long_term_memory=None, extracted_content=None, include_extracted_content_only_once=False, metadata=None, include_in_memory=False), ActionResult(is_done=False, success=None, judgement=None, error='cannot schedule new futures after interpreter shutdown', attachments=None, images=None, long_term_memory=None, extracted_content=None, include_extracted_content_only_once=False, metadata=None, include_in_memory=False), ActionResult(is_done=False, success=None, judgement=None, error='cannot schedule new futures after interpreter shutdown', attachments=None, images=None, long_term_memory=None, extracted_content=None, include_extracted_content_only_once=False, metadata=None, include_in_memory=False), ActionResult(is_done=False, success=None, judgement=None, error='cannot schedule new futures after interpreter shutdown', attachments=None, images=None, long_term_memory=None, extracted_content=None, include_extracted_content_only_once=False, metadata=None, include_in_memory=False), ActionResult(is_done=False, success=None, judgement=None, error='cannot schedule new futures after interpreter shutdown', attachments=None, images=None, long_term_memory=None, extracted_content=None, include_extracted_content_only_once=False, metadata=None, include_in_memory=False), ActionResult(is_done=False, success=None, judgement=None, error='cannot schedule new futures after interpreter shutdown', attachments=None, images=None, long_term_memory=None, extracted_content=None, include_extracted_content_only_once=False, metadata=None, include_in_memory=False)], all_model_outputs=[{'navigate': {'url': 'https://hackerearth.com/@devendra', 'new_tab': False}, 'interacted_element': None}])",,
https://www.pinterest.com/devendra/,"AgentHistoryList(all_results=[ActionResult(is_done=False, success=None, judgement=None, error=None, attachments=None, images=None, long_term_memory='Found initial url and automatically loaded it. Navigated to https://www.pinterest.com/devendra/', extracted_content='🔗 Navigated to https://www.pinterest.com/devendra/', include_extracted_content_only_once=False, metadata=None, include_in_memory=False), ActionResult(is_done=False, success=None, judgement=None, error='cannot schedule new futures after interpreter shutdown', attachments=None, images=None, long_term_memory=None, extracted_content=None, include_extracted_content_only_once=False, metadata=None, include_in_memory=False), ActionResult(is_done=False, success=None, judgement=None, error='cannot schedule new futures after interpreter shutdown', attachments=None, images=None, long_term_memory=None, extracted_content=None, include_extracted_content_only_once=False, metadata=None, include_in_memory=False), ActionResult(is_done=False, success=None, judgement=None, error='cannot schedule new futures after interpreter shutdown', attachments=None, images=None, long_term_memory=None, extracted_content=None, include_extracted_content_only_once=False, metadata=None, include_in_memory=False), ActionResult(is_done=False, success=None, judgement=None, error='cannot schedule new futures after interpreter shutdown', attachments=None, images=None, long_term_memory=None, extracted_content=None, include_extracted_content_only_once=False, metadata=None, include_in_memory=False), ActionResult(is_done=False, success=None, judgement=None, error='cannot schedule new futures after interpreter shutdown', attachments=None, images=None, long_term_memory=None, extracted_content=None, include_extracted_content_only_once=False, metadata=None, include_in_memory=False), ActionResult(is_done=False, success=None, judgement=None, error='cannot schedule new futures after interpreter shutdown', attachments=None, images=None, long_term_memory=None, extracted_content=None, include_extracted_content_only_once=False, metadata=None, include_in_memory=False)], all_model_outputs=[{'navigate': {'url': 'https://www.pinterest.com/devendra/', 'new_tab': False}, 'interacted_element': None}])",,
https://hackerearth.com/@ad018jan,,,
https://www.pinterest.com/ad018jan/,,,
https://hackerearth.com/@ad018jan,,,
https://www.pinterest.com/ad018jan/,,,
https://hackerrank.com/aaditya18jan,,,
https://www.pinterest.com/aaditya18jan/,,,
https://hackerearth.com/@ad018jan,,,
https://www.pinterest.com/ad018jan/,,,
https://hackerearth.com/@ad018jan,,,
https://www.pinterest.com/ad018jan/,,,
https://hackerearth.com/@ad018jan,,,
https://www.pinterest.com/ad018jan/,Akash prajapat is a professional content creator. The user ad018jan has not saved any Pins yet and has no saved ideas from Akash prajapat.,https://i.pinimg.com/280x280_RS/e1/a2/94/e1a2945285e53b59a9be35448bf1e2cd.jpg,avatars/https___www.pinterest.com_ad018jan_.jpg
https://hackerearth.com/@ad018jan,,,
https://www.pinterest.com/ad018jan/,,https://i.pinimg.com/280x280_RS/e1/a2/94/e1a2945285e53b59a9be35448bf1e2cd.jpg,avatars/https___www.pinterest.com_ad018jan_.jpg
https://hackerearth.com/@devendra,,,
https://www.pinterest.com/devendra/,,,
http://en.gravatar.com/devendraprajapt42,,https://0.gravatar.com/avatar/20460b1c925ea152e6b6899f1577bc16b2dfff38061b99a5ab0d05c6ec2a6fe6?size=256&d=initials,avatars/http___en.gravatar.com_devendraprajapt42.jpg
https://hackerearth.com/@devendraprajapt42,,,
https://www.pinterest.com/devendraprajapt42/,,,
https://www.pinterest.com/devendraprajapt42/,,,
http://en.gravatar.com/devendraprajapt42,,,
https://hackerearth.com/@devendraprajapt42,,,
https://www.pinterest.com/devendraprajapt42/,,https://i.pinimg.com/280x280_RS/4d/cf/c2/4dcfc2468ecb72d83cb1db3648ea501a.jpg,avatars/https___www.pinterest.com_devendraprajapt42_.jpg
https://www.pinterest.com/itsakj/,,https://i.pinimg.com/280x280_RS/3c/d1/10/3cd110f60718a6b400f5f2f12fe4d31c.jpg,avatars/https___www.pinterest.com_itsakj_.jpg
http://en.gravatar.com/devendraprajapt42,no profile available at this URL,,
https://hackerearth.com/@devendraprajapt42,no profile available at this URL,,
https://www.pinterest.com/devendraprajapt42/,no profile available at this URL,,
